<!-- [ Mirror metadata ] generatedAt: 1485766265422 -->
<!-- Generated screen file. Fill the id tags below with content with
which to populate your previewed layout. For a complete specification
of sample data, please see http://jimulabs.com/sample-data-specifications/ 

Valid attributes on <screen> tag: theme="@style/someTheme" inEditMode="false" overlay="@drawable/mockup" -->
<screen>
    <_content layout="@layout/activity_about">
        <!-- ImageView Examples:
        <app_image src="@drawable/image_resource" />
        <app_image src="relative_path/image.jpg" /> -->
        <app_image />
        <!-- TextView Examples:
        <app_info text="@string/string_resource" />
        <app_info text="Text literal" textSize="14sp" /> -->
        <app_info />
        <app_email />
    </_content>
</screen>
