<!-- [ Mirror metadata ] generatedAt: 1485766265412 -->
<!-- Generated screen file. Fill the id tags below with content with
which to populate your previewed layout. For a complete specification
of sample data, please see http://jimulabs.com/sample-data-specifications/ 

Valid attributes on <screen> tag: theme="@style/someTheme" inEditMode="false" overlay="@drawable/mockup" -->
<screen>
    <_content layout="@layout/practice_bottombar">
        <!-- ImageView Examples:
        <collect_iv src="@drawable/image_resource" />
        <collect_iv src="relative_path/image.jpg" /> -->
        <collect_iv />
        <rubbish_iv />
        <!-- TextView Examples:
        <practice_right_num_text text="@string/string_resource" />
        <practice_right_num_text text="Text literal" textSize="14sp" /> -->
        <practice_right_num_text />
        <practice_wrong_num_text />
        <practice_page_num />
    </_content>
</screen>
